email,password
loadrun17771682120003@sjsu.edu,Password123!
loadrun17771682120004@sjsu.edu,Password123!
loadrun17771682120005@sjsu.edu,Password123!
loadrun17771682120006@sjsu.edu,Password123!
loadrun17771682120007@sjsu.edu,Password123!
loadrun17771682120008@sjsu.edu,Password123!
loadrun17771682120009@sjsu.edu,Password123!
loadrun17771682120010@sjsu.edu,Password123!
loadrun17771682120011@sjsu.edu,Password123!
loadrun17771682120018@sjsu.edu,Password123!
loadrun17771682120019@sjsu.edu,Password123!
loadrun17771682120020@sjsu.edu,Password123!
loadrun17771682120021@sjsu.edu,Password123!
loadrun17771682120022@sjsu.edu,Password123!
loadrun17771682120023@sjsu.edu,Password123!
loadrun17771682120024@sjsu.edu,Password123!
loadrun17771682120033@sjsu.edu,Password123!
loadrun17771682120034@sjsu.edu,Password123!
loadrun17771682120035@sjsu.edu,Password123!
loadrun17771682120036@sjsu.edu,Password123!
loadrun17771682120037@sjsu.edu,Password123!
loadrun17771682120038@sjsu.edu,Password123!
loadrun17771682120050@sjsu.edu,Password123!
loadrun17771682120051@sjsu.edu,Password123!
loadrun17771682120052@sjsu.edu,Password123!
loadrun17771682120053@sjsu.edu,Password123!
loadrun17771682120054@sjsu.edu,Password123!
loadrun17771682120055@sjsu.edu,Password123!
loadrun17771682120056@sjsu.edu,Password123!
loadrun17771682120057@sjsu.edu,Password123!
loadrun17771682120058@sjsu.edu,Password123!
loadrun17771682120059@sjsu.edu,Password123!
loadrun17771682120060@sjsu.edu,Password123!
loadrun17771682120061@sjsu.edu,Password123!
loadrun17771682120062@sjsu.edu,Password123!
loadrun17771682120063@sjsu.edu,Password123!
loadrun17771682120064@sjsu.edu,Password123!
loadrun17771682120065@sjsu.edu,Password123!
loadrun17771682120066@sjsu.edu,Password123!
loadrun17771682120067@sjsu.edu,Password123!
loadrun17771682120068@sjsu.edu,Password123!
loadrun17771682120069@sjsu.edu,Password123!
loadrun17771682120070@sjsu.edu,Password123!
loadrun17771682120071@sjsu.edu,Password123!
loadrun17771682120072@sjsu.edu,Password123!
loadrun17771682120073@sjsu.edu,Password123!
loadrun17771682120074@sjsu.edu,Password123!
loadrun17771682120075@sjsu.edu,Password123!
loadrun17771682120076@sjsu.edu,Password123!
loadrun17771682120077@sjsu.edu,Password123!
loadrun17771682120078@sjsu.edu,Password123!
loadrun17771682120079@sjsu.edu,Password123!
loadrun17771682120080@sjsu.edu,Password123!
loadrun17771682120081@sjsu.edu,Password123!
loadrun17771682120082@sjsu.edu,Password123!
loadrun17771682120083@sjsu.edu,Password123!
loadrun17771682120084@sjsu.edu,Password123!
loadrun17771682120085@sjsu.edu,Password123!
loadrun17771682120086@sjsu.edu,Password123!
loadrun17771682120087@sjsu.edu,Password123!
loadrun17771682120088@sjsu.edu,Password123!
loadrun17771682120089@sjsu.edu,Password123!
loadrun17771682120090@sjsu.edu,Password123!
loadrun17771682120091@sjsu.edu,Password123!
loadrun17771682120092@sjsu.edu,Password123!
loadrun17771682120093@sjsu.edu,Password123!
loadrun17771682120094@sjsu.edu,Password123!
loadrun17771682120095@sjsu.edu,Password123!
loadrun17771682120096@sjsu.edu,Password123!
loadrun17771682120097@sjsu.edu,Password123!
loadrun17771682120098@sjsu.edu,Password123!
loadrun17771682120099@sjsu.edu,Password123!
loadrun17771682120100@sjsu.edu,Password123!
loadrun17771682120101@sjsu.edu,Password123!
loadrun17771682120102@sjsu.edu,Password123!
loadrun17771682120103@sjsu.edu,Password123!
loadrun17771682120104@sjsu.edu,Password123!
loadrun17771682120105@sjsu.edu,Password123!
loadrun17771682120106@sjsu.edu,Password123!
loadrun17771682120107@sjsu.edu,Password123!
loadrun17771682120108@sjsu.edu,Password123!
loadrun17771682120109@sjsu.edu,Password123!
loadrun17771682120110@sjsu.edu,Password123!
loadrun17771682120111@sjsu.edu,Password123!
loadrun17771682120112@sjsu.edu,Password123!
loadrun17771682120113@sjsu.edu,Password123!
loadrun17771682120114@sjsu.edu,Password123!
loadrun17771682120115@sjsu.edu,Password123!
loadrun17771682120116@sjsu.edu,Password123!
loadrun17771682120117@sjsu.edu,Password123!
loadrun17771682120118@sjsu.edu,Password123!
loadrun17771682120119@sjsu.edu,Password123!
loadrun17771682120120@sjsu.edu,Password123!
loadrun17771682120121@sjsu.edu,Password123!
loadrun17771682120122@sjsu.edu,Password123!
loadrun17771682120123@sjsu.edu,Password123!
loadrun17771682120124@sjsu.edu,Password123!
loadrun17771682120125@sjsu.edu,Password123!
loadrun17771682120126@sjsu.edu,Password123!
loadrun17771682120127@sjsu.edu,Password123!
loadrun17771682120128@sjsu.edu,Password123!
loadrun17771682120129@sjsu.edu,Password123!
loadrun17771682120130@sjsu.edu,Password123!
loadrun17771682120131@sjsu.edu,Password123!
loadrun17771682120132@sjsu.edu,Password123!
loadrun17771682120133@sjsu.edu,Password123!
loadrun17771682120134@sjsu.edu,Password123!
loadrun17771682120135@sjsu.edu,Password123!
loadrun17771682120136@sjsu.edu,Password123!
loadrun17771682120137@sjsu.edu,Password123!
loadrun17771682120138@sjsu.edu,Password123!
loadrun17771682120139@sjsu.edu,Password123!
loadrun17771682120140@sjsu.edu,Password123!
loadrun17771682120141@sjsu.edu,Password123!
loadrun17771682120142@sjsu.edu,Password123!
loadrun17771682120143@sjsu.edu,Password123!
loadrun17771682120144@sjsu.edu,Password123!
loadrun17771682120145@sjsu.edu,Password123!
loadrun17771682120146@sjsu.edu,Password123!
loadrun17771682120147@sjsu.edu,Password123!
loadrun17771682120148@sjsu.edu,Password123!
loadrun17771682120149@sjsu.edu,Password123!
loadrun17771682120150@sjsu.edu,Password123!
loadrun17771682120151@sjsu.edu,Password123!
loadrun17771682120152@sjsu.edu,Password123!
loadrun17771682120153@sjsu.edu,Password123!
loadrun17771682120154@sjsu.edu,Password123!
loadrun17771682120155@sjsu.edu,Password123!
loadrun17771682120156@sjsu.edu,Password123!
loadrun17771682120157@sjsu.edu,Password123!
loadrun17771682120158@sjsu.edu,Password123!
loadrun17771682120159@sjsu.edu,Password123!
loadrun17771682120160@sjsu.edu,Password123!
loadrun17771682120161@sjsu.edu,Password123!
loadrun17771682120162@sjsu.edu,Password123!
loadrun17771682120163@sjsu.edu,Password123!
loadrun17771682120164@sjsu.edu,Password123!
loadrun17771682120165@sjsu.edu,Password123!
loadrun17771682120166@sjsu.edu,Password123!
loadrun17771682120167@sjsu.edu,Password123!
loadrun17771682120168@sjsu.edu,Password123!
loadrun17771682120169@sjsu.edu,Password123!
loadrun17771682120170@sjsu.edu,Password123!
loadrun17771682120171@sjsu.edu,Password123!
loadrun17771682120172@sjsu.edu,Password123!
loadrun17771682120173@sjsu.edu,Password123!
loadrun17771682120174@sjsu.edu,Password123!
loadrun17771682120175@sjsu.edu,Password123!
loadrun17771682120176@sjsu.edu,Password123!
loadrun17771682120177@sjsu.edu,Password123!
loadrun17771682120178@sjsu.edu,Password123!
loadrun17771682120179@sjsu.edu,Password123!
loadrun17771682120180@sjsu.edu,Password123!
loadrun17771682120181@sjsu.edu,Password123!
loadrun17771682120182@sjsu.edu,Password123!
loadrun17771682120183@sjsu.edu,Password123!
loadrun17771682120184@sjsu.edu,Password123!
loadrun17771682120185@sjsu.edu,Password123!
loadrun17771682120186@sjsu.edu,Password123!
loadrun17771682120187@sjsu.edu,Password123!
loadrun17771682120188@sjsu.edu,Password123!
loadrun17771682120189@sjsu.edu,Password123!
loadrun17771682120190@sjsu.edu,Password123!
loadrun17771682120191@sjsu.edu,Password123!
loadrun17771682120192@sjsu.edu,Password123!
loadrun17771682120193@sjsu.edu,Password123!
loadrun17771682120194@sjsu.edu,Password123!
loadrun17771682120195@sjsu.edu,Password123!
loadrun17771682120196@sjsu.edu,Password123!
loadrun17771682120197@sjsu.edu,Password123!
loadrun17771682120198@sjsu.edu,Password123!
loadrun17771682120199@sjsu.edu,Password123!
loadrun17771682120200@sjsu.edu,Password123!
loadrun17771682120201@sjsu.edu,Password123!
loadrun17771682120202@sjsu.edu,Password123!
loadrun17771682120203@sjsu.edu,Password123!
loadrun17771682120204@sjsu.edu,Password123!
loadrun17771682120205@sjsu.edu,Password123!
loadrun17771682120206@sjsu.edu,Password123!
loadrun17771682120207@sjsu.edu,Password123!
loadrun17771682120208@sjsu.edu,Password123!
loadrun17771682120209@sjsu.edu,Password123!
loadrun17771682120210@sjsu.edu,Password123!
loadrun17771682120211@sjsu.edu,Password123!
loadrun17771682120212@sjsu.edu,Password123!
loadrun17771682120213@sjsu.edu,Password123!
loadrun17771682120214@sjsu.edu,Password123!
loadrun17771682120215@sjsu.edu,Password123!
loadrun17771682120216@sjsu.edu,Password123!
loadrun17771682120217@sjsu.edu,Password123!
loadrun17771682120218@sjsu.edu,Password123!
loadrun17771682120219@sjsu.edu,Password123!
loadrun17771682120220@sjsu.edu,Password123!
loadrun17771682120221@sjsu.edu,Password123!
loadrun17771682120222@sjsu.edu,Password123!
loadrun17771682120223@sjsu.edu,Password123!
loadrun17771682120224@sjsu.edu,Password123!
loadrun17771682120225@sjsu.edu,Password123!
loadrun17771682120226@sjsu.edu,Password123!
loadrun17771682120227@sjsu.edu,Password123!
loadrun17771682120228@sjsu.edu,Password123!
loadrun17771682120229@sjsu.edu,Password123!
loadrun17771682120230@sjsu.edu,Password123!
loadrun17771682120231@sjsu.edu,Password123!
loadrun17771682120232@sjsu.edu,Password123!
loadrun17771682120233@sjsu.edu,Password123!
loadrun17771682120234@sjsu.edu,Password123!
loadrun17771682120235@sjsu.edu,Password123!
loadrun17771682120236@sjsu.edu,Password123!
loadrun17771682120237@sjsu.edu,Password123!
loadrun17771682120238@sjsu.edu,Password123!
loadrun17771682120239@sjsu.edu,Password123!
loadrun17771682120240@sjsu.edu,Password123!
loadrun17771682120241@sjsu.edu,Password123!
loadrun17771682120242@sjsu.edu,Password123!
loadrun17771682120243@sjsu.edu,Password123!
loadrun17771682120244@sjsu.edu,Password123!
loadrun17771682120245@sjsu.edu,Password123!
loadrun17771682120246@sjsu.edu,Password123!
loadrun17771682120247@sjsu.edu,Password123!
loadrun17771682120248@sjsu.edu,Password123!
loadrun17771682120249@sjsu.edu,Password123!
loadrun17771682120250@sjsu.edu,Password123!
loadrun17771682120251@sjsu.edu,Password123!
loadrun17771682120252@sjsu.edu,Password123!
loadrun17771682120253@sjsu.edu,Password123!
loadrun17771682120254@sjsu.edu,Password123!
loadrun17771682120255@sjsu.edu,Password123!
loadrun17771682120256@sjsu.edu,Password123!
loadrun17771682120257@sjsu.edu,Password123!
loadrun17771682120258@sjsu.edu,Password123!
loadrun17771682120259@sjsu.edu,Password123!
loadrun17771682120260@sjsu.edu,Password123!
loadrun17771682120261@sjsu.edu,Password123!
loadrun17771682120262@sjsu.edu,Password123!
loadrun17771682120263@sjsu.edu,Password123!
loadrun17771682120264@sjsu.edu,Password123!
loadrun17771682120265@sjsu.edu,Password123!
loadrun17771682120266@sjsu.edu,Password123!
loadrun17771682120267@sjsu.edu,Password123!
loadrun17771682120268@sjsu.edu,Password123!
loadrun17771682120269@sjsu.edu,Password123!
loadrun17771682120270@sjsu.edu,Password123!
loadrun17771682120271@sjsu.edu,Password123!
loadrun17771682120272@sjsu.edu,Password123!
loadrun17771682120273@sjsu.edu,Password123!
loadrun17771682120274@sjsu.edu,Password123!
loadrun17771682120275@sjsu.edu,Password123!
loadrun17771682120276@sjsu.edu,Password123!
loadrun17771682120277@sjsu.edu,Password123!
loadrun17771682120278@sjsu.edu,Password123!
loadrun17771682120279@sjsu.edu,Password123!
loadrun17771682120280@sjsu.edu,Password123!
loadrun17771682120281@sjsu.edu,Password123!
loadrun17771682120282@sjsu.edu,Password123!
loadrun17771682120283@sjsu.edu,Password123!
loadrun17771682120284@sjsu.edu,Password123!
loadrun17771682120285@sjsu.edu,Password123!
loadrun17771682120286@sjsu.edu,Password123!
loadrun17771682120287@sjsu.edu,Password123!
loadrun17771682120288@sjsu.edu,Password123!
loadrun17771682120289@sjsu.edu,Password123!
loadrun17771682120290@sjsu.edu,Password123!
loadrun17771682120291@sjsu.edu,Password123!
loadrun17771682120292@sjsu.edu,Password123!
loadrun17771682120293@sjsu.edu,Password123!
loadrun17771682120294@sjsu.edu,Password123!
loadrun17771682120295@sjsu.edu,Password123!
loadrun17771682120296@sjsu.edu,Password123!
loadrun17771682120297@sjsu.edu,Password123!
loadrun17771682120298@sjsu.edu,Password123!
loadrun17771682120299@sjsu.edu,Password123!
loadrun17771682120300@sjsu.edu,Password123!
loadrun17771682120301@sjsu.edu,Password123!
loadrun17771682120302@sjsu.edu,Password123!
loadrun17771682120303@sjsu.edu,Password123!
loadrun17771682120304@sjsu.edu,Password123!
loadrun17771682120305@sjsu.edu,Password123!
loadrun17771682120306@sjsu.edu,Password123!
loadrun17771682120307@sjsu.edu,Password123!
loadrun17771682120308@sjsu.edu,Password123!
loadrun17771682120309@sjsu.edu,Password123!
loadrun17771682120310@sjsu.edu,Password123!
loadrun17771682120311@sjsu.edu,Password123!
loadrun17771682120312@sjsu.edu,Password123!
loadrun17771682120313@sjsu.edu,Password123!
loadrun17771682120314@sjsu.edu,Password123!
loadrun17771682120315@sjsu.edu,Password123!
loadrun17771682120316@sjsu.edu,Password123!
loadrun17771682120317@sjsu.edu,Password123!
loadrun17771682120318@sjsu.edu,Password123!
loadrun17771682120319@sjsu.edu,Password123!
loadrun17771682120320@sjsu.edu,Password123!
loadrun17771682120321@sjsu.edu,Password123!
loadrun17771682120322@sjsu.edu,Password123!
loadrun17771682120323@sjsu.edu,Password123!
loadrun17771682120324@sjsu.edu,Password123!
loadrun17771682120325@sjsu.edu,Password123!
loadrun17771682120326@sjsu.edu,Password123!
loadrun17771682120327@sjsu.edu,Password123!
loadrun17771682120328@sjsu.edu,Password123!
loadrun17771682120329@sjsu.edu,Password123!
loadrun17771682120330@sjsu.edu,Password123!
loadrun17771682120331@sjsu.edu,Password123!
loadrun17771682120332@sjsu.edu,Password123!
loadrun17771682120333@sjsu.edu,Password123!
loadrun17771682120334@sjsu.edu,Password123!
loadrun17771682120335@sjsu.edu,Password123!
loadrun17771682120336@sjsu.edu,Password123!
loadrun17771682120337@sjsu.edu,Password123!
loadrun17771682120338@sjsu.edu,Password123!
loadrun17771682120339@sjsu.edu,Password123!
loadrun17771682120340@sjsu.edu,Password123!
loadrun17771682120341@sjsu.edu,Password123!
loadrun17771682120342@sjsu.edu,Password123!
loadrun17771682120343@sjsu.edu,Password123!
loadrun17771682120344@sjsu.edu,Password123!
loadrun17771682120345@sjsu.edu,Password123!
loadrun17771682120346@sjsu.edu,Password123!
loadrun17771682120347@sjsu.edu,Password123!
loadrun17771682120348@sjsu.edu,Password123!
loadrun17771682120349@sjsu.edu,Password123!
loadrun17771682120350@sjsu.edu,Password123!
loadrun17771682120351@sjsu.edu,Password123!
loadrun17771682120352@sjsu.edu,Password123!
loadrun17771682120353@sjsu.edu,Password123!
loadrun17771682120354@sjsu.edu,Password123!
loadrun17771682120355@sjsu.edu,Password123!
loadrun17771682120356@sjsu.edu,Password123!
loadrun17771682120357@sjsu.edu,Password123!
loadrun17771682120358@sjsu.edu,Password123!
loadrun17771682120359@sjsu.edu,Password123!
loadrun17771682120360@sjsu.edu,Password123!
loadrun17771682120361@sjsu.edu,Password123!
loadrun17771682120362@sjsu.edu,Password123!
loadrun17771682120363@sjsu.edu,Password123!
loadrun17771682120364@sjsu.edu,Password123!
loadrun17771682120365@sjsu.edu,Password123!
loadrun17771682120366@sjsu.edu,Password123!
loadrun17771682120367@sjsu.edu,Password123!
loadrun17771682120368@sjsu.edu,Password123!
loadrun17771682120369@sjsu.edu,Password123!
loadrun17771682120370@sjsu.edu,Password123!
loadrun17771682120371@sjsu.edu,Password123!
loadrun17771682120372@sjsu.edu,Password123!
loadrun17771682120373@sjsu.edu,Password123!
loadrun17771682120374@sjsu.edu,Password123!
loadrun17771682120375@sjsu.edu,Password123!
loadrun17771682120376@sjsu.edu,Password123!
loadrun17771682120377@sjsu.edu,Password123!
loadrun17771682120378@sjsu.edu,Password123!
loadrun17771682120379@sjsu.edu,Password123!
loadrun17771682120380@sjsu.edu,Password123!
loadrun17771682120381@sjsu.edu,Password123!
loadrun17771682120382@sjsu.edu,Password123!
loadrun17771682120383@sjsu.edu,Password123!
loadrun17771682120384@sjsu.edu,Password123!
loadrun17771682120385@sjsu.edu,Password123!
loadrun17771682120386@sjsu.edu,Password123!
loadrun17771682120387@sjsu.edu,Password123!
loadrun17771682120388@sjsu.edu,Password123!
loadrun17771682120389@sjsu.edu,Password123!
loadrun17771682120390@sjsu.edu,Password123!
loadrun17771682120391@sjsu.edu,Password123!
loadrun17771682120392@sjsu.edu,Password123!
loadrun17771682120393@sjsu.edu,Password123!
loadrun17771682120394@sjsu.edu,Password123!
loadrun17771682120395@sjsu.edu,Password123!
loadrun17771682120396@sjsu.edu,Password123!
loadrun17771682120397@sjsu.edu,Password123!
loadrun17771682120398@sjsu.edu,Password123!
loadrun17771682120399@sjsu.edu,Password123!
loadrun17771682120400@sjsu.edu,Password123!
loadrun17771682120401@sjsu.edu,Password123!
loadrun17771682120402@sjsu.edu,Password123!
loadrun17771682120403@sjsu.edu,Password123!
loadrun17771682120404@sjsu.edu,Password123!
loadrun17771682120405@sjsu.edu,Password123!
loadrun17771682120406@sjsu.edu,Password123!
loadrun17771682120407@sjsu.edu,Password123!
loadrun17771682120408@sjsu.edu,Password123!
loadrun17771682120409@sjsu.edu,Password123!
loadrun17771682120410@sjsu.edu,Password123!
loadrun17771682120411@sjsu.edu,Password123!
loadrun17771682120412@sjsu.edu,Password123!
loadrun17771682120413@sjsu.edu,Password123!
loadrun17771682120414@sjsu.edu,Password123!
loadrun17771682120415@sjsu.edu,Password123!
loadrun17771682120416@sjsu.edu,Password123!
loadrun17771682120417@sjsu.edu,Password123!
loadrun17771682120418@sjsu.edu,Password123!
loadrun17771682120419@sjsu.edu,Password123!
loadrun17771682120420@sjsu.edu,Password123!
loadrun17771682120421@sjsu.edu,Password123!
loadrun17771682120422@sjsu.edu,Password123!
loadrun17771682120423@sjsu.edu,Password123!
loadrun17771682120424@sjsu.edu,Password123!
loadrun17771682120425@sjsu.edu,Password123!
loadrun17771682120426@sjsu.edu,Password123!
loadrun17771682120427@sjsu.edu,Password123!
loadrun17771682120428@sjsu.edu,Password123!
loadrun17771682120429@sjsu.edu,Password123!
loadrun17771682120430@sjsu.edu,Password123!
loadrun17771682120431@sjsu.edu,Password123!
loadrun17771682120432@sjsu.edu,Password123!
loadrun17771682120433@sjsu.edu,Password123!
loadrun17771682120434@sjsu.edu,Password123!
loadrun17771682120435@sjsu.edu,Password123!
loadrun17771682120436@sjsu.edu,Password123!
loadrun17771682120437@sjsu.edu,Password123!
loadrun17771682120438@sjsu.edu,Password123!
loadrun17771682120439@sjsu.edu,Password123!
loadrun17771682120440@sjsu.edu,Password123!
loadrun17771682120441@sjsu.edu,Password123!
loadrun17771682120442@sjsu.edu,Password123!
loadrun17771682120443@sjsu.edu,Password123!
loadrun17771682120444@sjsu.edu,Password123!
loadrun17771682120445@sjsu.edu,Password123!
loadrun17771682120446@sjsu.edu,Password123!
loadrun17771682120447@sjsu.edu,Password123!
loadrun17771682120448@sjsu.edu,Password123!
loadrun17771682120449@sjsu.edu,Password123!
loadrun17771682120450@sjsu.edu,Password123!
loadrun17771682120451@sjsu.edu,Password123!
loadrun17771682120452@sjsu.edu,Password123!
loadrun17771682120453@sjsu.edu,Password123!
loadrun17771682120454@sjsu.edu,Password123!
loadrun17771682120455@sjsu.edu,Password123!
loadrun17771682120456@sjsu.edu,Password123!
loadrun17771682120457@sjsu.edu,Password123!
loadrun17771682120458@sjsu.edu,Password123!
loadrun17771682120459@sjsu.edu,Password123!
loadrun17771682120460@sjsu.edu,Password123!
loadrun17771682120461@sjsu.edu,Password123!
loadrun17771682120462@sjsu.edu,Password123!
loadrun17771682120463@sjsu.edu,Password123!
loadrun17771682120464@sjsu.edu,Password123!
loadrun17771682120465@sjsu.edu,Password123!
loadrun17771682120466@sjsu.edu,Password123!
loadrun17771682120467@sjsu.edu,Password123!
loadrun17771682120468@sjsu.edu,Password123!
loadrun17771682120469@sjsu.edu,Password123!
loadrun17771682120470@sjsu.edu,Password123!
loadrun17771682120471@sjsu.edu,Password123!
loadrun17771682120472@sjsu.edu,Password123!
loadrun17771682120473@sjsu.edu,Password123!
loadrun17771682120474@sjsu.edu,Password123!
loadrun17771682120475@sjsu.edu,Password123!
loadrun17771682120476@sjsu.edu,Password123!
loadrun17771682120477@sjsu.edu,Password123!
loadrun17771682120478@sjsu.edu,Password123!
loadrun17771682120479@sjsu.edu,Password123!
loadrun17771682120480@sjsu.edu,Password123!
loadrun17771682120481@sjsu.edu,Password123!
loadrun17771682120482@sjsu.edu,Password123!
loadrun17771682120483@sjsu.edu,Password123!
loadrun17771682120484@sjsu.edu,Password123!
loadrun17771682120485@sjsu.edu,Password123!
loadrun17771682120486@sjsu.edu,Password123!
loadrun17771682120487@sjsu.edu,Password123!
loadrun17771682120488@sjsu.edu,Password123!
loadrun17771682120489@sjsu.edu,Password123!
loadrun17771682120490@sjsu.edu,Password123!
loadrun17771682120491@sjsu.edu,Password123!
loadrun17771682120492@sjsu.edu,Password123!
loadrun17771682120493@sjsu.edu,Password123!
loadrun17771682120494@sjsu.edu,Password123!
loadrun17771682120495@sjsu.edu,Password123!
loadrun17771682120496@sjsu.edu,Password123!
loadrun17771682120497@sjsu.edu,Password123!
loadrun17771682120498@sjsu.edu,Password123!
loadrun17771682120499@sjsu.edu,Password123!
loadrun17771682120500@sjsu.edu,Password123!
